"phoneme","grapheme"
"@","a"
"@","eah"
"@","aa"
"5","ai"
"5","eye"
"5","i"
"5","ie"
"5","igh"
"5","uy"
"5","y"
"5","ye"
"O","ao"
"O","au"
"O","ou"
"O","ough"
"O","ow"
"O","owe"
"a","a"
"a","ah"
"a","aw"
"a","as"
"a","aa"
"a","i"
"a","is"
"b","b"
"b","bb"
"b","br"
"d","d"
"d","dd"
"d","ed"
"d","ld"
"D","th"
"G","d"
"G","dg"
"G","g"
"8","ae"
"8","ah"
"8","ay"
"8","e"
"8","ea"
"8","ee"
"8","ei"
"8","eigh"
"8","er"
"8","et"
"8","ey"
"8","ez"
"8","ie"
"e","a"
"e","ah"
"e","e"
"e","ea"
"e","ia"
"e","i"
"e","o"
"E","eh"
"f","f"
"f","ff"
"f","gh"
"f","lf"
"f","ph"
"g","g"
"g","gg"
"g","gh"
"g","gu"
"i","a"
"i","ae"
"i","ay"
"i","e"
"i","ea"
"i","ee"
"i","ey"
"i","i"
"i","ie"
"i","is"
"i","it"
"i","y"
"ju","eue"
"ju","ew"
"ju","u"
"ju","ue"
"ju","ugh"
"ju","ut"
"ju","ieu"
"k","c"
"k","ch"
"k","ck"
"k","k"
"k","lk"
"k","qu"
"k","q"
"ks","x"
"l","l"
"l","ll"
"l","sl"
"m","gm"
"m","lm"
"m","m"
"m","mb"
"m","mm"
"m","mn"
"n","gn"
"n","ln"
"n","n"
"n","nn"
"N","ng"
"N","ngh"
"N","ngu"
"o","aoh"
"o","aux"
"o","eau"
"o","eaux"
"o","ew"
"o","o"
"o","oa"
"o","oe"
"o","os"
"o","ot"
"o","ough"
"o","ow"
"o","owe"
"c","ah"
"c","aw"
"2","oi"
"2","ois"
"2","oy"
"p","gh"
"p","p"
"p","pp"
"r","r"
"r","rps"
"r","rr"
"r","rrh"
"r","rs"
"s","c"
"s","es"
"s","s"
"s","sc"
"s","ss"
"s","tz"
"s","z"
"S","c"
"S","ch"
"S","sch"
"S","sh"
"t","bt"
"t","ct"
"t","d"
"t","dt"
"t","ed"
"t","pt"
"t","t"
"t","tt"
"C","ch"
"C","tch"
"u","ew"
"u","ioux"
"u","o"
"u","oe"
"u","oo"
"u","ooh"
"u","ou"
"u","ough"
"u","oup"
"u","ous"
"u","u"
"u","ue"
"u","wo"
"u","ieu"
"U","ow"
"v","f"
"v","lv"
"v","v"
"^","uh"
"z","ds"
"z","es"
"z","s"
"z","ts"
"z","z"
"z","zz"
"Z","g"
"Z","j"
"T","th"
"a","augh"
"c","augh"
